{
  "hash": "d94a8af6",
  "configHash": "67a66075",
  "lockfileHash": "219e6d15",
  "browserHash": "426bd0a7",
  "optimized": {
    "@angular/common": {
      "src": "../../../../../../node_modules/@angular/common/fesm2022/common.mjs",
      "file": "@angular_common.js",
      "fileHash": "7b1df8cc",
      "needsInterop": false
    },
    "@angular/core": {
      "src": "../../../../../../node_modules/@angular/core/fesm2022/core.mjs",
      "file": "@angular_core.js",
      "fileHash": "4124d26c",
      "needsInterop": false
    },
    "@angular/forms": {
      "src": "../../../../../../node_modules/@angular/forms/fesm2022/forms.mjs",
      "file": "@angular_forms.js",
      "fileHash": "cc155293",
      "needsInterop": false
    },
    "@angular/platform-browser": {
      "src": "../../../../../../node_modules/@angular/platform-browser/fesm2022/platform-browser.mjs",
      "file": "@angular_platform-browser.js",
      "fileHash": "e17d5939",
      "needsInterop": false
    },
    "@angular/router": {
      "src": "../../../../../../node_modules/@angular/router/fesm2022/router.mjs",
      "file": "@angular_router.js",
      "fileHash": "fda5da6d",
      "needsInterop": false
    }
  },
  "chunks": {
    "chunk-WIJEJQNJ": {
      "file": "chunk-WIJEJQNJ.js"
    },
    "chunk-PF7QABWO": {
      "file": "chunk-PF7QABWO.js"
    },
    "chunk-YNK7CL7V": {
      "file": "chunk-YNK7CL7V.js"
    }
  }
}